fk_reporte_users,fk_reporte_tipo,fecha_creacion,fecha_resuelto,latitud,longitud,codigo_postal
777781de-b3e5-435d-b1ec-c338e2d534f2,39,2024-12-31T01:14:20.675588,,19.40644,-99.164686,01000
c456ad34-ae59-4960-88f3-bb5b5f6f1783,6,2024-12-14T00:50:24.675588,,19.307515,-99.182549,
c456ad34-ae59-4960-88f3-bb5b5f6f1783,52,2025-02-15T07:23:44.675588,,19.414563,-99.258495,06470
7b30ab04-1271-42e2-8592-ad6ba56fe4c5,19,2025-03-08T06:23:47.675588,,19.393906,-99.263937,01000
c456ad34-ae59-4960-88f3-bb5b5f6f1783,1,2025-01-19T10:47:06.675588,,19.544096,-99.284895,01000
395f67a2-b8a9-45e5-91c4-cae02e66c936,52,2025-02-02T19:52:54.675588,,19.313833,-99.287599,01000
777781de-b3e5-435d-b1ec-c338e2d534f2,27,2024-11-14T03:07:49.675588,,19.458141,-99.053857,06470
ce2bc421-50b4-46ee-97c3-dd7c3f7d62ad,39,2025-03-20T18:08:59.675588,,19.302065,-99.2928,06470
6eaf1c57-338a-48f0-a5b7-63e86966b4a4,48,2024-12-23T08:16:48.675588,,19.534403,-99.161337,06470
c456ad34-ae59-4960-88f3-bb5b5f6f1783,57,2024-11-15T13:33:15.675588,2024-11-16T09:33:15.675588,19.384592,-99.160583,06470
6d1cefac-504a-40ea-9983-cb638b3de3b3,57,2025-04-08T04:35:43.675588,,19.538426,-99.081409,04200
777781de-b3e5-435d-b1ec-c338e2d534f2,19,2024-12-15T00:30:15.675588,,19.494793,-99.116344,04200
c456ad34-ae59-4960-88f3-bb5b5f6f1783,3,2024-12-13T13:34:47.675588,,19.492973,-99.154469,04200
8e3b954e-dc69-4721-b2f3-01613f067ce4,3,2025-03-21T18:50:08.675588,,19.537248,-99.053061,06470
c456ad34-ae59-4960-88f3-bb5b5f6f1783,6,2024-12-01T05:11:00.675588,,19.412651,-99.139818,04200
c456ad34-ae59-4960-88f3-bb5b5f6f1783,57,2024-12-14T15:06:25.675588,,19.45097,-99.125623,09030
395f67a2-b8a9-45e5-91c4-cae02e66c936,57,2024-12-20T14:01:01.675588,,19.424971,-99.074293,09030
7b30ab04-1271-42e2-8592-ad6ba56fe4c5,48,2024-11-10T23:58:12.675588,,19.33992,-99.06705,01000
7b30ab04-1271-42e2-8592-ad6ba56fe4c5,6,2025-03-10T08:32:37.675588,,19.527369,-99.299327,04200
6eaf1c57-338a-48f0-a5b7-63e86966b4a4,39,2024-11-11T13:15:45.675588,,19.480214,-99.28294,06470
8e3b954e-dc69-4721-b2f3-01613f067ce4,44,2025-02-02T17:52:05.675588,,19.454749,-99.214656,04200
aaa43b55-8601-41a6-b395-f04faeeef174,27,2024-12-14T15:02:09.675588,,19.404522,-99.181064,06470
7b30ab04-1271-42e2-8592-ad6ba56fe4c5,39,2024-11-03T10:29:53.675588,,19.444477,-99.14859,06470
15ee040d-6e71-4459-82e6-00820161d282,19,2025-02-15T14:07:33.675588,,19.528849,-99.297374,09030
15ee040d-6e71-4459-82e6-00820161d282,52,2025-03-05T11:00:02.675588,,19.509038,-99.050913,01000
8e3b954e-dc69-4721-b2f3-01613f067ce4,27,2025-01-05T00:55:27.675588,,19.457339,-99.053681,01000
7b30ab04-1271-42e2-8592-ad6ba56fe4c5,1,2025-01-16T15:42:32.675588,,19.389274,-99.085368,06470
7b30ab04-1271-42e2-8592-ad6ba56fe4c5,27,2025-02-17T20:03:34.675588,,19.307751,-99.280455,
15ee040d-6e71-4459-82e6-00820161d282,44,2025-02-21T15:05:42.675588,2025-02-22T11:05:42.675588,19.457207,-99.194642,09030
6eaf1c57-338a-48f0-a5b7-63e86966b4a4,48,2025-01-26T17:23:23.675588,2025-01-27T18:23:23.675588,19.441698,-99.101275,
15ee040d-6e71-4459-82e6-00820161d282,3,2025-02-06T13:36:20.675588,,19.413282,-99.251738,01000
8e3b954e-dc69-4721-b2f3-01613f067ce4,57,2025-03-19T15:07:35.675588,,19.370184,-99.0906,
aaa43b55-8601-41a6-b395-f04faeeef174,52,2025-01-10T04:33:37.675588,,19.361021,-99.167153,06470
aaa43b55-8601-41a6-b395-f04faeeef174,19,2025-02-12T10:24:59.675588,,19.404602,-99.296628,04200
777781de-b3e5-435d-b1ec-c338e2d534f2,1,2024-12-05T22:26:13.675588,,19.544423,-99.149187,04200
8e3b954e-dc69-4721-b2f3-01613f067ce4,1,2025-03-06T02:03:46.675588,,19.397267,-99.237771,09030
6d1cefac-504a-40ea-9983-cb638b3de3b3,39,2024-11-08T02:16:37.675588,2024-11-11T01:16:37.675588,19.539513,-99.134302,04200
c456ad34-ae59-4960-88f3-bb5b5f6f1783,3,2025-04-20T15:48:06.675588,,19.504698,-99.148517,06470
395f67a2-b8a9-45e5-91c4-cae02e66c936,39,2025-04-24T15:18:22.675588,2025-04-25T11:18:22.675588,19.522738,-99.087694,06470
7b30ab04-1271-42e2-8592-ad6ba56fe4c5,19,2025-02-01T16:13:28.675588,,19.380993,-99.203854,04200
7b30ab04-1271-42e2-8592-ad6ba56fe4c5,27,2024-11-30T14:17:49.675588,2024-12-03T10:17:49.675588,19.527771,-99.13881,01000
6d1cefac-504a-40ea-9983-cb638b3de3b3,57,2025-03-29T18:16:54.675588,2025-03-31T08:16:54.675588,19.411839,-99.213239,
aaa43b55-8601-41a6-b395-f04faeeef174,39,2025-01-04T17:36:26.675588,,19.474652,-99.13369,
777781de-b3e5-435d-b1ec-c338e2d534f2,3,2024-11-26T09:03:24.675588,,19.393212,-99.061594,06470
c456ad34-ae59-4960-88f3-bb5b5f6f1783,57,2024-11-23T03:51:48.675588,,19.431686,-99.139432,01000
8e3b954e-dc69-4721-b2f3-01613f067ce4,52,2025-02-13T23:52:14.675588,2025-02-16T06:52:14.675588,19.504487,-99.219171,01000
15ee040d-6e71-4459-82e6-00820161d282,39,2025-02-21T08:07:57.675588,,19.536187,-99.104273,06470
6d1cefac-504a-40ea-9983-cb638b3de3b3,48,2024-12-20T12:21:24.675588,2024-12-21T19:21:24.675588,19.491513,-99.213015,
395f67a2-b8a9-45e5-91c4-cae02e66c936,1,2025-02-04T03:50:11.675588,,19.354306,-99.192035,04200
8e3b954e-dc69-4721-b2f3-01613f067ce4,1,2025-02-04T23:59:50.675588,2025-02-05T01:59:50.675588,19.310433,-99.194347,06470
8e3b954e-dc69-4721-b2f3-01613f067ce4,48,2024-12-16T03:09:19.675588,2024-12-18T02:09:19.675588,19.540049,-99.056268,09030
395f67a2-b8a9-45e5-91c4-cae02e66c936,44,2025-01-03T15:40:04.675588,,19.504953,-99.133629,06470
15ee040d-6e71-4459-82e6-00820161d282,27,2024-11-15T10:26:21.675588,2024-11-16T11:26:21.675588,19.421351,-99.235589,01000
8e3b954e-dc69-4721-b2f3-01613f067ce4,52,2024-12-05T03:14:53.675588,2024-12-05T19:14:53.675588,19.350097,-99.06722,06470
6eaf1c57-338a-48f0-a5b7-63e86966b4a4,44,2025-03-22T16:33:22.675588,,19.534205,-99.128146,09030
15ee040d-6e71-4459-82e6-00820161d282,1,2024-12-20T11:32:29.675588,,19.31051,-99.143163,
ce2bc421-50b4-46ee-97c3-dd7c3f7d62ad,48,2024-10-31T10:06:02.675588,2024-11-02T16:06:02.675588,19.529303,-99.073672,01000
aaa43b55-8601-41a6-b395-f04faeeef174,19,2025-04-07T14:03:12.675588,,19.497587,-99.221782,06470
ce2bc421-50b4-46ee-97c3-dd7c3f7d62ad,1,2025-02-01T23:49:30.675588,,19.360634,-99.290824,
c456ad34-ae59-4960-88f3-bb5b5f6f1783,52,2025-02-07T10:22:32.675588,2025-02-10T08:22:32.675588,19.335024,-99.248746,
15ee040d-6e71-4459-82e6-00820161d282,6,2024-12-01T18:54:02.675588,,19.384469,-99.150164,06470
777781de-b3e5-435d-b1ec-c338e2d534f2,27,2025-03-08T13:39:12.675588,,19.432122,-99.140565,01000
7b30ab04-1271-42e2-8592-ad6ba56fe4c5,52,2025-03-06T05:28:25.675588,,19.514103,-99.203258,06470
8e3b954e-dc69-4721-b2f3-01613f067ce4,1,2024-11-15T07:33:55.675588,2024-11-17T23:33:55.675588,19.32043,-99.12277,01000
8e3b954e-dc69-4721-b2f3-01613f067ce4,3,2024-11-09T04:58:23.675588,,19.421288,-99.092366,09030
aaa43b55-8601-41a6-b395-f04faeeef174,48,2025-02-19T16:39:48.675588,,19.510203,-99.115297,01000
6d1cefac-504a-40ea-9983-cb638b3de3b3,57,2024-12-26T08:17:33.675588,2024-12-28T00:17:33.675588,19.414539,-99.127388,06470
7b30ab04-1271-42e2-8592-ad6ba56fe4c5,52,2024-12-20T19:51:22.675588,,19.364575,-99.090363,09030
777781de-b3e5-435d-b1ec-c338e2d534f2,6,2025-01-14T21:44:17.675588,,19.444263,-99.191335,09030
777781de-b3e5-435d-b1ec-c338e2d534f2,6,2024-11-30T07:19:10.675588,,19.375056,-99.203648,09030
aaa43b55-8601-41a6-b395-f04faeeef174,19,2024-11-13T05:55:35.675588,,19.471295,-99.213751,09030
ce2bc421-50b4-46ee-97c3-dd7c3f7d62ad,44,2025-03-02T12:10:18.675588,2025-03-04T18:10:18.675588,19.301706,-99.170939,04200
7b30ab04-1271-42e2-8592-ad6ba56fe4c5,39,2025-03-14T21:58:40.675588,2025-03-16T03:58:40.675588,19.308574,-99.074918,06470
7b30ab04-1271-42e2-8592-ad6ba56fe4c5,52,2025-02-15T04:03:45.675588,,19.392262,-99.153167,
c456ad34-ae59-4960-88f3-bb5b5f6f1783,48,2025-03-14T23:37:29.675588,,19.332846,-99.065447,06470
6eaf1c57-338a-48f0-a5b7-63e86966b4a4,1,2024-12-02T11:17:16.675588,2024-12-03T17:17:16.675588,19.507311,-99.249451,04200
ce2bc421-50b4-46ee-97c3-dd7c3f7d62ad,1,2025-02-24T22:41:14.675588,,19.364416,-99.26143,09030
15ee040d-6e71-4459-82e6-00820161d282,44,2024-12-26T11:15:23.675588,2024-12-26T22:15:23.675588,19.380022,-99.270778,09030
ce2bc421-50b4-46ee-97c3-dd7c3f7d62ad,3,2024-11-26T20:04:21.675588,2024-11-26T23:04:21.675588,19.366374,-99.285071,01000
6eaf1c57-338a-48f0-a5b7-63e86966b4a4,1,2024-12-04T19:43:59.675588,,19.418809,-99.241756,06470
ce2bc421-50b4-46ee-97c3-dd7c3f7d62ad,27,2025-02-18T23:15:17.675588,,19.470968,-99.086493,
15ee040d-6e71-4459-82e6-00820161d282,39,2025-03-11T04:08:23.675588,,19.336293,-99.19238,04200
395f67a2-b8a9-45e5-91c4-cae02e66c936,27,2025-04-16T14:54:17.675588,2025-04-17T13:54:17.675588,19.446525,-99.266874,
aaa43b55-8601-41a6-b395-f04faeeef174,3,2025-01-05T17:03:45.675588,,19.436538,-99.268737,06470
395f67a2-b8a9-45e5-91c4-cae02e66c936,39,2024-11-02T12:57:06.675588,2024-11-03T06:57:06.675588,19.301559,-99.066271,09030
6d1cefac-504a-40ea-9983-cb638b3de3b3,52,2025-01-25T03:15:22.675588,,19.475472,-99.244757,01000
777781de-b3e5-435d-b1ec-c338e2d534f2,52,2025-01-07T10:41:39.675588,2025-01-07T22:41:39.675588,19.419886,-99.190679,09030
777781de-b3e5-435d-b1ec-c338e2d534f2,48,2025-03-31T05:59:28.675588,,19.346982,-99.221102,04200
c456ad34-ae59-4960-88f3-bb5b5f6f1783,39,2025-01-27T22:47:37.675588,,19.49852,-99.066286,04200
15ee040d-6e71-4459-82e6-00820161d282,48,2025-02-01T09:51:05.675588,2025-02-04T08:51:05.675588,19.332966,-99.120749,06470
395f67a2-b8a9-45e5-91c4-cae02e66c936,27,2025-02-16T21:49:44.675588,,19.404407,-99.19127,
aaa43b55-8601-41a6-b395-f04faeeef174,6,2025-02-20T01:15:13.675588,,19.380922,-99.201132,09030
777781de-b3e5-435d-b1ec-c338e2d534f2,44,2025-03-03T02:24:11.675588,,19.406482,-99.111166,09030
15ee040d-6e71-4459-82e6-00820161d282,1,2024-12-01T16:14:32.675588,,19.486503,-99.187377,09030
15ee040d-6e71-4459-82e6-00820161d282,57,2025-04-05T16:21:19.675588,2025-04-06T14:21:19.675588,19.390016,-99.149782,01000
777781de-b3e5-435d-b1ec-c338e2d534f2,19,2024-11-29T02:54:17.675588,2024-11-30T01:54:17.675588,19.54883,-99.220228,09030
6eaf1c57-338a-48f0-a5b7-63e86966b4a4,39,2025-03-08T06:06:24.675588,,19.430114,-99.227067,
7b30ab04-1271-42e2-8592-ad6ba56fe4c5,27,2025-01-13T22:57:35.675588,,19.432178,-99.056844,01000
395f67a2-b8a9-45e5-91c4-cae02e66c936,57,2024-12-08T07:05:07.675588,,19.439149,-99.272269,04200
777781de-b3e5-435d-b1ec-c338e2d534f2,3,2024-12-24T16:52:45.675588,,19.494674,-99.126173,04200
6d1cefac-504a-40ea-9983-cb638b3de3b3,27,2024-11-19T17:29:36.675588,,19.35591,-99.237894,06470
777781de-b3e5-435d-b1ec-c338e2d534f2,6,2024-12-19T08:35:04.675588,,19.46615,-99.294759,04200
ce2bc421-50b4-46ee-97c3-dd7c3f7d62ad,44,2024-11-22T16:22:30.675588,,19.411988,-99.226427,06470
6eaf1c57-338a-48f0-a5b7-63e86966b4a4,57,2025-02-13T13:12:38.675588,,19.501129,-99.206791,09030
6d1cefac-504a-40ea-9983-cb638b3de3b3,27,2025-04-16T14:55:11.675588,2025-04-18T23:55:11.675588,19.545552,-99.146187,04200
ce2bc421-50b4-46ee-97c3-dd7c3f7d62ad,1,2024-11-02T09:43:10.675588,2024-11-04T13:43:10.675588,19.535697,-99.108404,
6d1cefac-504a-40ea-9983-cb638b3de3b3,39,2025-03-23T09:24:41.675588,,19.464644,-99.080395,06470
15ee040d-6e71-4459-82e6-00820161d282,48,2024-12-15T05:58:01.675588,,19.469491,-99.112662,09030
777781de-b3e5-435d-b1ec-c338e2d534f2,27,2025-01-30T10:28:06.675588,2025-01-31T11:28:06.675588,19.441819,-99.256209,09030
15ee040d-6e71-4459-82e6-00820161d282,19,2025-04-25T16:10:49.675588,,19.319442,-99.243685,04200
8e3b954e-dc69-4721-b2f3-01613f067ce4,27,2025-03-12T20:02:36.675588,2025-03-15T06:02:36.675588,19.479814,-99.177797,06470
395f67a2-b8a9-45e5-91c4-cae02e66c936,57,2024-11-27T09:14:28.675588,2024-11-29T15:14:28.675588,19.456568,-99.239342,
6eaf1c57-338a-48f0-a5b7-63e86966b4a4,52,2024-11-07T03:59:04.675588,,19.459129,-99.218289,01000
ce2bc421-50b4-46ee-97c3-dd7c3f7d62ad,27,2024-12-23T21:42:42.675588,,19.445296,-99.200071,04200
395f67a2-b8a9-45e5-91c4-cae02e66c936,1,2024-12-31T15:01:33.675588,2025-01-01T03:01:33.675588,19.500672,-99.192497,09030
7b30ab04-1271-42e2-8592-ad6ba56fe4c5,52,2024-11-27T03:03:49.675588,,19.392146,-99.182011,04200
aaa43b55-8601-41a6-b395-f04faeeef174,27,2024-11-11T10:05:04.675588,2024-11-13T23:05:04.675588,19.497931,-99.263521,09030
8e3b954e-dc69-4721-b2f3-01613f067ce4,27,2024-11-04T21:59:17.675588,,19.325258,-99.298567,06470
7b30ab04-1271-42e2-8592-ad6ba56fe4c5,39,2025-01-02T16:41:52.675588,2025-01-02T21:41:52.675588,19.441364,-99.080072,01000
395f67a2-b8a9-45e5-91c4-cae02e66c936,27,2024-12-03T04:56:12.675588,,19.44869,-99.157754,
c456ad34-ae59-4960-88f3-bb5b5f6f1783,1,2024-12-24T19:17:36.675588,,19.337028,-99.139794,06470
6eaf1c57-338a-48f0-a5b7-63e86966b4a4,57,2025-03-12T16:10:04.675588,,19.390712,-99.094316,
15ee040d-6e71-4459-82e6-00820161d282,1,2025-02-04T20:32:21.675588,,19.453497,-99.123462,
15ee040d-6e71-4459-82e6-00820161d282,6,2025-02-18T18:01:04.675588,,19.503421,-99.198269,
395f67a2-b8a9-45e5-91c4-cae02e66c936,57,2024-12-04T14:58:47.675588,,19.486981,-99.181913,04200
395f67a2-b8a9-45e5-91c4-cae02e66c936,19,2025-01-06T14:25:38.675588,2025-01-06T17:25:38.675588,19.349943,-99.27401,
777781de-b3e5-435d-b1ec-c338e2d534f2,6,2025-03-13T05:23:18.675588,2025-03-15T03:23:18.675588,19.307855,-99.239957,04200
395f67a2-b8a9-45e5-91c4-cae02e66c936,3,2025-04-26T15:16:56.675588,,19.497419,-99.278312,
c456ad34-ae59-4960-88f3-bb5b5f6f1783,39,2025-04-25T21:50:03.675588,,19.527897,-99.062206,06470
c456ad34-ae59-4960-88f3-bb5b5f6f1783,39,2024-12-07T08:25:50.675588,,19.342418,-99.204136,01000
8e3b954e-dc69-4721-b2f3-01613f067ce4,19,2025-04-06T14:53:21.675588,2025-04-09T01:53:21.675588,19.419223,-99.113434,
8e3b954e-dc69-4721-b2f3-01613f067ce4,48,2025-03-17T17:29:55.675588,,19.397865,-99.053946,06470
395f67a2-b8a9-45e5-91c4-cae02e66c936,3,2025-02-26T17:09:50.675588,,19.305522,-99.227935,04200
6d1cefac-504a-40ea-9983-cb638b3de3b3,52,2025-03-05T06:48:12.675588,,19.51637,-99.108611,06470
395f67a2-b8a9-45e5-91c4-cae02e66c936,6,2025-01-09T16:45:55.675588,,19.39125,-99.154373,
ce2bc421-50b4-46ee-97c3-dd7c3f7d62ad,19,2025-04-01T21:46:57.675588,2025-04-02T19:46:57.675588,19.540698,-99.082641,06470
7b30ab04-1271-42e2-8592-ad6ba56fe4c5,39,2025-01-05T19:34:20.675588,,19.428302,-99.071044,
8e3b954e-dc69-4721-b2f3-01613f067ce4,27,2025-03-06T12:59:29.675588,,19.512493,-99.195219,01000
395f67a2-b8a9-45e5-91c4-cae02e66c936,27,2024-12-22T20:18:12.675588,2024-12-23T03:18:12.675588,19.456938,-99.143701,09030
6eaf1c57-338a-48f0-a5b7-63e86966b4a4,1,2024-12-08T12:15:49.675588,,19.371994,-99.282897,04200
7b30ab04-1271-42e2-8592-ad6ba56fe4c5,52,2025-02-02T15:15:17.675588,,19.415275,-99.070074,04200
395f67a2-b8a9-45e5-91c4-cae02e66c936,1,2024-12-30T06:53:02.675588,2025-01-01T23:53:02.675588,19.467704,-99.283384,06470
c456ad34-ae59-4960-88f3-bb5b5f6f1783,6,2025-02-12T12:49:33.675588,,19.538241,-99.10006,09030
ce2bc421-50b4-46ee-97c3-dd7c3f7d62ad,27,2025-04-09T15:58:01.675588,,19.505538,-99.182498,09030
777781de-b3e5-435d-b1ec-c338e2d534f2,27,2025-01-30T19:43:52.675588,2025-01-31T13:43:52.675588,19.531659,-99.149313,06470
7b30ab04-1271-42e2-8592-ad6ba56fe4c5,6,2025-02-19T00:14:27.675588,,19.344838,-99.235756,04200
ce2bc421-50b4-46ee-97c3-dd7c3f7d62ad,52,2025-01-06T06:17:15.675588,,19.384862,-99.29328,09030
7b30ab04-1271-42e2-8592-ad6ba56fe4c5,39,2025-02-04T04:02:32.675588,,19.426823,-99.092652,04200
6eaf1c57-338a-48f0-a5b7-63e86966b4a4,6,2025-01-16T05:20:45.675588,,19.301644,-99.296548,01000
15ee040d-6e71-4459-82e6-00820161d282,52,2025-03-17T00:27:36.675588,2025-03-17T17:27:36.675588,19.307191,-99.115928,04200
777781de-b3e5-435d-b1ec-c338e2d534f2,44,2024-12-12T10:36:21.675588,2024-12-13T15:36:21.675588,19.367162,-99.126955,09030
395f67a2-b8a9-45e5-91c4-cae02e66c936,57,2024-11-06T21:53:34.675588,,19.358801,-99.063879,09030
c456ad34-ae59-4960-88f3-bb5b5f6f1783,19,2025-03-03T01:26:54.675588,2025-03-04T05:26:54.675588,19.533799,-99.171095,04200
15ee040d-6e71-4459-82e6-00820161d282,3,2025-03-26T22:22:16.675588,,19.419096,-99.085494,09030
6d1cefac-504a-40ea-9983-cb638b3de3b3,27,2025-01-12T13:22:00.675588,,19.376145,-99.093147,
395f67a2-b8a9-45e5-91c4-cae02e66c936,6,2025-02-04T01:44:32.675588,2025-02-06T13:44:32.675588,19.515478,-99.155566,09030
8e3b954e-dc69-4721-b2f3-01613f067ce4,3,2025-04-26T18:48:40.675588,2025-04-27T18:48:40.675588,19.40532,-99.150009,09030
aaa43b55-8601-41a6-b395-f04faeeef174,1,2025-03-02T18:06:02.675588,,19.423859,-99.05308,04200
15ee040d-6e71-4459-82e6-00820161d282,44,2025-02-15T22:47:07.675588,2025-02-16T01:47:07.675588,19.316846,-99.2552,01000
15ee040d-6e71-4459-82e6-00820161d282,6,2025-01-11T08:32:33.675588,2025-01-12T03:32:33.675588,19.478493,-99.296009,
777781de-b3e5-435d-b1ec-c338e2d534f2,6,2025-04-10T14:38:37.675588,,19.495541,-99.206215,04200
7b30ab04-1271-42e2-8592-ad6ba56fe4c5,19,2025-02-08T15:18:57.675588,2025-02-10T14:18:57.675588,19.386562,-99.235788,01000
15ee040d-6e71-4459-82e6-00820161d282,52,2025-01-02T20:50:44.675588,,19.359879,-99.222149,04200
6d1cefac-504a-40ea-9983-cb638b3de3b3,6,2025-01-09T12:22:59.675588,2025-01-09T20:22:59.675588,19.457274,-99.189861,06470
395f67a2-b8a9-45e5-91c4-cae02e66c936,39,2025-04-23T19:42:23.675588,,19.437454,-99.149881,06470
395f67a2-b8a9-45e5-91c4-cae02e66c936,3,2025-03-02T02:29:54.675588,,19.37302,-99.295776,06470
ce2bc421-50b4-46ee-97c3-dd7c3f7d62ad,6,2025-02-07T08:04:56.675588,,19.324469,-99.074081,06470
777781de-b3e5-435d-b1ec-c338e2d534f2,57,2024-11-06T08:09:26.675588,,19.368532,-99.241315,09030
7b30ab04-1271-42e2-8592-ad6ba56fe4c5,48,2025-01-11T06:11:09.675588,2025-01-12T02:11:09.675588,19.472385,-99.299003,06470
7b30ab04-1271-42e2-8592-ad6ba56fe4c5,52,2025-03-11T22:27:01.675588,,19.411548,-99.124846,04200
c456ad34-ae59-4960-88f3-bb5b5f6f1783,48,2025-04-25T18:34:55.675588,,19.386532,-99.064474,04200
395f67a2-b8a9-45e5-91c4-cae02e66c936,19,2025-02-05T02:38:47.675588,,19.495604,-99.155563,01000
aaa43b55-8601-41a6-b395-f04faeeef174,39,2025-04-07T02:06:42.675588,,19.345491,-99.288193,04200
aaa43b55-8601-41a6-b395-f04faeeef174,6,2025-03-19T06:00:48.675588,,19.478426,-99.182302,09030
15ee040d-6e71-4459-82e6-00820161d282,3,2025-02-14T00:47:25.675588,,19.314773,-99.130183,04200
c456ad34-ae59-4960-88f3-bb5b5f6f1783,48,2025-01-09T13:30:42.675588,,19.387033,-99.201363,04200
7b30ab04-1271-42e2-8592-ad6ba56fe4c5,1,2025-02-02T22:44:25.675588,2025-02-05T16:44:25.675588,19.38118,-99.262546,
395f67a2-b8a9-45e5-91c4-cae02e66c936,3,2025-02-08T13:47:32.675588,,19.469891,-99.171921,
6d1cefac-504a-40ea-9983-cb638b3de3b3,57,2025-04-18T04:03:44.675588,,19.38942,-99.11487,
ce2bc421-50b4-46ee-97c3-dd7c3f7d62ad,44,2025-04-08T05:15:02.675588,,19.334398,-99.252953,09030
777781de-b3e5-435d-b1ec-c338e2d534f2,6,2025-02-08T07:03:21.675588,,19.459252,-99.054947,06470
15ee040d-6e71-4459-82e6-00820161d282,3,2025-01-27T01:22:29.675588,2025-01-29T07:22:29.675588,19.305623,-99.251591,04200
777781de-b3e5-435d-b1ec-c338e2d534f2,6,2024-12-17T20:03:09.675588,,19.402825,-99.129804,06470
15ee040d-6e71-4459-82e6-00820161d282,39,2025-04-26T01:35:48.675588,,19.438038,-99.195138,09030
aaa43b55-8601-41a6-b395-f04faeeef174,48,2024-11-15T06:49:17.675588,,19.531696,-99.203453,06470
6eaf1c57-338a-48f0-a5b7-63e86966b4a4,52,2024-11-12T20:56:26.675588,,19.527064,-99.098416,04200
6eaf1c57-338a-48f0-a5b7-63e86966b4a4,19,2025-04-06T11:49:28.675588,,19.506286,-99.158616,06470
7b30ab04-1271-42e2-8592-ad6ba56fe4c5,39,2024-11-15T17:44:31.675588,,19.3614,-99.286152,09030
395f67a2-b8a9-45e5-91c4-cae02e66c936,3,2024-11-09T02:58:37.675588,2024-11-11T22:58:37.675588,19.400668,-99.154536,
aaa43b55-8601-41a6-b395-f04faeeef174,44,2025-03-10T21:56:03.675588,,19.324015,-99.257069,01000
6eaf1c57-338a-48f0-a5b7-63e86966b4a4,39,2025-01-06T03:00:22.675588,,19.410254,-99.28195,06470
7b30ab04-1271-42e2-8592-ad6ba56fe4c5,6,2025-03-19T18:57:30.675588,,19.402362,-99.138871,06470
777781de-b3e5-435d-b1ec-c338e2d534f2,48,2025-02-19T08:31:51.675588,,19.490617,-99.224285,
15ee040d-6e71-4459-82e6-00820161d282,48,2025-01-24T13:53:32.675588,,19.389962,-99.118916,06470
6eaf1c57-338a-48f0-a5b7-63e86966b4a4,3,2025-03-17T22:48:41.675588,,19.453272,-99.188469,04200
15ee040d-6e71-4459-82e6-00820161d282,6,2025-01-11T20:12:37.675588,,19.547295,-99.264131,01000
395f67a2-b8a9-45e5-91c4-cae02e66c936,6,2024-11-28T09:56:39.675588,,19.394523,-99.282736,
15ee040d-6e71-4459-82e6-00820161d282,44,2024-11-30T06:30:05.675588,,19.435367,-99.221692,01000
7b30ab04-1271-42e2-8592-ad6ba56fe4c5,39,2025-02-19T15:32:04.675588,2025-02-20T12:32:04.675588,19.462704,-99.210575,01000
15ee040d-6e71-4459-82e6-00820161d282,52,2025-03-11T13:42:41.675588,,19.494052,-99.194826,09030
777781de-b3e5-435d-b1ec-c338e2d534f2,39,2025-01-28T14:54:14.675588,,19.428327,-99.151263,01000
6d1cefac-504a-40ea-9983-cb638b3de3b3,27,2025-04-21T12:53:02.675588,,19.308104,-99.146975,01000
777781de-b3e5-435d-b1ec-c338e2d534f2,1,2025-03-22T23:58:52.675588,,19.543277,-99.266111,01000
aaa43b55-8601-41a6-b395-f04faeeef174,44,2025-04-27T15:42:16.675588,,19.461679,-99.15035,01000
6eaf1c57-338a-48f0-a5b7-63e86966b4a4,19,2025-01-18T03:42:46.675588,2025-01-18T16:42:46.675588,19.460448,-99.159623,09030
8e3b954e-dc69-4721-b2f3-01613f067ce4,52,2025-03-20T22:21:00.675588,,19.452481,-99.268208,09030
777781de-b3e5-435d-b1ec-c338e2d534f2,48,2025-01-26T00:42:51.675588,,19.337321,-99.163369,01000
395f67a2-b8a9-45e5-91c4-cae02e66c936,44,2025-04-02T03:22:29.675588,,19.325048,-99.222494,01000
6eaf1c57-338a-48f0-a5b7-63e86966b4a4,27,2025-03-28T01:04:14.675588,,19.303417,-99.075343,
15ee040d-6e71-4459-82e6-00820161d282,1,2025-03-08T19:58:26.675588,2025-03-08T22:58:26.675588,19.42686,-99.293299,01000
777781de-b3e5-435d-b1ec-c338e2d534f2,3,2025-04-24T01:53:07.675588,2025-04-25T07:53:07.675588,19.547726,-99.106946,
395f67a2-b8a9-45e5-91c4-cae02e66c936,1,2025-03-19T05:08:01.675588,,19.478555,-99.120281,09030
ce2bc421-50b4-46ee-97c3-dd7c3f7d62ad,1,2024-12-06T01:42:37.675588,2024-12-06T19:42:37.675588,19.48064,-99.194356,01000
8e3b954e-dc69-4721-b2f3-01613f067ce4,6,2025-02-19T16:02:48.675588,,19.387335,-99.289277,04200
6eaf1c57-338a-48f0-a5b7-63e86966b4a4,6,2025-03-21T21:59:40.675588,,19.524363,-99.116508,01000
7b30ab04-1271-42e2-8592-ad6ba56fe4c5,48,2024-11-06T20:01:47.675588,,19.537932,-99.053882,06470
777781de-b3e5-435d-b1ec-c338e2d534f2,44,2025-01-26T02:10:26.675588,,19.353531,-99.052372,01000
15ee040d-6e71-4459-82e6-00820161d282,48,2024-11-02T16:47:12.675588,2024-11-03T14:47:12.675588,19.520373,-99.252286,01000
777781de-b3e5-435d-b1ec-c338e2d534f2,3,2025-02-06T09:59:46.675588,2025-02-06T22:59:46.675588,19.32894,-99.270969,06470
7b30ab04-1271-42e2-8592-ad6ba56fe4c5,57,2024-11-18T11:27:11.675588,2024-11-20T03:27:11.675588,19.314518,-99.087118,06470
15ee040d-6e71-4459-82e6-00820161d282,6,2025-04-06T20:30:36.675588,,19.528379,-99.183646,09030
7b30ab04-1271-42e2-8592-ad6ba56fe4c5,3,2025-03-23T03:04:22.675588,2025-03-23T07:04:22.675588,19.420525,-99.096679,04200
777781de-b3e5-435d-b1ec-c338e2d534f2,1,2024-11-16T18:08:02.675588,2024-11-18T08:08:02.675588,19.349491,-99.090057,
8e3b954e-dc69-4721-b2f3-01613f067ce4,52,2024-11-20T16:12:47.675588,,19.493884,-99.087753,01000
15ee040d-6e71-4459-82e6-00820161d282,52,2025-04-20T07:07:50.675588,,19.340568,-99.2131,06470
6eaf1c57-338a-48f0-a5b7-63e86966b4a4,52,2024-11-28T07:12:31.675588,2024-11-30T05:12:31.675588,19.357491,-99.131252,09030
c456ad34-ae59-4960-88f3-bb5b5f6f1783,52,2025-02-24T23:43:25.675588,,19.411973,-99.107677,06470
395f67a2-b8a9-45e5-91c4-cae02e66c936,27,2025-03-19T00:52:30.675588,2025-03-20T07:52:30.675588,19.507292,-99.222683,01000
6eaf1c57-338a-48f0-a5b7-63e86966b4a4,1,2025-03-08T14:00:12.675588,2025-03-09T13:00:12.675588,19.475726,-99.231199,04200
ce2bc421-50b4-46ee-97c3-dd7c3f7d62ad,39,2025-01-19T13:22:40.675588,,19.443579,-99.178203,
777781de-b3e5-435d-b1ec-c338e2d534f2,39,2024-11-30T16:16:49.675588,2024-12-02T08:16:49.675588,19.30249,-99.1819,04200
aaa43b55-8601-41a6-b395-f04faeeef174,19,2025-03-08T12:09:49.675588,,19.459385,-99.125371,04200
7b30ab04-1271-42e2-8592-ad6ba56fe4c5,48,2024-11-29T09:19:09.675588,,19.54588,-99.298205,09030
15ee040d-6e71-4459-82e6-00820161d282,39,2025-04-24T13:48:02.675588,,19.504317,-99.055033,
ce2bc421-50b4-46ee-97c3-dd7c3f7d62ad,3,2025-03-23T11:37:22.675588,,19.506264,-99.151509,06470
6eaf1c57-338a-48f0-a5b7-63e86966b4a4,39,2025-03-27T15:23:36.675588,,19.539845,-99.229151,
ce2bc421-50b4-46ee-97c3-dd7c3f7d62ad,48,2025-03-05T00:32:40.675588,,19.306976,-99.116391,01000
15ee040d-6e71-4459-82e6-00820161d282,3,2025-03-23T00:41:27.675588,,19.35787,-99.232168,01000
6eaf1c57-338a-48f0-a5b7-63e86966b4a4,57,2025-01-04T07:27:13.675588,2025-01-05T02:27:13.675588,19.535248,-99.164183,04200
777781de-b3e5-435d-b1ec-c338e2d534f2,27,2025-03-08T10:28:19.675588,2025-03-09T12:28:19.675588,19.469644,-99.125479,
7b30ab04-1271-42e2-8592-ad6ba56fe4c5,1,2025-04-20T08:53:26.675588,,19.329887,-99.175642,09030
777781de-b3e5-435d-b1ec-c338e2d534f2,27,2025-04-22T13:17:00.675588,,19.436414,-99.219607,01000
ce2bc421-50b4-46ee-97c3-dd7c3f7d62ad,3,2025-01-26T01:55:22.675588,,19.503786,-99.100569,06470
aaa43b55-8601-41a6-b395-f04faeeef174,39,2025-02-19T06:40:48.675588,,19.356349,-99.172442,
6d1cefac-504a-40ea-9983-cb638b3de3b3,57,2025-03-03T11:59:44.675588,,19.51689,-99.16246,09030
aaa43b55-8601-41a6-b395-f04faeeef174,3,2024-12-15T23:39:48.675588,,19.467641,-99.158578,06470
777781de-b3e5-435d-b1ec-c338e2d534f2,39,2025-04-25T20:43:41.675588,,19.345105,-99.274313,04200
8e3b954e-dc69-4721-b2f3-01613f067ce4,52,2025-01-28T09:44:47.675588,2025-01-28T18:44:47.675588,19.442314,-99.212721,04200
6eaf1c57-338a-48f0-a5b7-63e86966b4a4,52,2024-12-27T01:44:48.675588,,19.398052,-99.273151,09030
c456ad34-ae59-4960-88f3-bb5b5f6f1783,52,2025-03-05T09:16:38.675588,2025-03-07T04:16:38.675588,19.371362,-99.211478,01000
ce2bc421-50b4-46ee-97c3-dd7c3f7d62ad,27,2025-01-29T12:31:07.675588,,19.388865,-99.293164,04200
8e3b954e-dc69-4721-b2f3-01613f067ce4,39,2025-02-25T14:27:07.675588,2025-02-27T12:27:07.675588,19.309805,-99.242793,01000
8e3b954e-dc69-4721-b2f3-01613f067ce4,3,2025-04-05T13:12:17.675588,,19.433452,-99.205575,04200
7b30ab04-1271-42e2-8592-ad6ba56fe4c5,44,2025-03-24T22:13:06.675588,,19.446686,-99.196433,04200
6eaf1c57-338a-48f0-a5b7-63e86966b4a4,1,2024-11-30T07:19:26.675588,,19.543339,-99.112639,04200
8e3b954e-dc69-4721-b2f3-01613f067ce4,44,2025-03-24T10:52:01.675588,2025-03-24T14:52:01.675588,19.30991,-99.220712,01000
15ee040d-6e71-4459-82e6-00820161d282,39,2025-03-30T02:07:49.675588,,19.395568,-99.153179,06470
15ee040d-6e71-4459-82e6-00820161d282,3,2025-03-04T01:37:54.675588,,19.338775,-99.17941,
ce2bc421-50b4-46ee-97c3-dd7c3f7d62ad,19,2025-01-03T19:53:30.675588,,19.473169,-99.227497,06470
7b30ab04-1271-42e2-8592-ad6ba56fe4c5,19,2024-12-26T07:14:35.675588,,19.386669,-99.275158,04200
aaa43b55-8601-41a6-b395-f04faeeef174,3,2025-03-26T13:03:33.675588,,19.404542,-99.119578,09030
8e3b954e-dc69-4721-b2f3-01613f067ce4,3,2024-11-21T15:11:27.675588,,19.315014,-99.238332,04200
c456ad34-ae59-4960-88f3-bb5b5f6f1783,19,2025-01-31T03:49:08.675588,,19.545871,-99.292997,06470
aaa43b55-8601-41a6-b395-f04faeeef174,3,2024-12-16T05:40:01.675588,,19.486522,-99.104672,09030
c456ad34-ae59-4960-88f3-bb5b5f6f1783,27,2025-01-21T08:32:27.675588,,19.495164,-99.066614,09030
7b30ab04-1271-42e2-8592-ad6ba56fe4c5,27,2025-04-01T08:36:30.675588,2025-04-04T06:36:30.675588,19.471621,-99.158257,04200
8e3b954e-dc69-4721-b2f3-01613f067ce4,52,2024-11-25T04:48:06.675588,,19.486728,-99.184793,
15ee040d-6e71-4459-82e6-00820161d282,1,2025-01-27T05:03:33.675588,2025-01-28T01:03:33.675588,19.506219,-99.126835,
15ee040d-6e71-4459-82e6-00820161d282,6,2025-04-28T09:32:34.675588,,19.395313,-99.069028,
15ee040d-6e71-4459-82e6-00820161d282,3,2025-03-06T01:21:43.675588,,19.398767,-99.109724,09030
6eaf1c57-338a-48f0-a5b7-63e86966b4a4,3,2025-02-05T19:04:52.675588,2025-02-07T17:04:52.675588,19.326178,-99.119081,
395f67a2-b8a9-45e5-91c4-cae02e66c936,1,2025-04-12T06:49:33.675588,,19.366057,-99.277623,09030
8e3b954e-dc69-4721-b2f3-01613f067ce4,52,2025-03-17T17:07:10.675588,,19.382777,-99.067992,04200
8e3b954e-dc69-4721-b2f3-01613f067ce4,19,2025-02-06T02:50:02.675588,,19.300367,-99.06439,09030
ce2bc421-50b4-46ee-97c3-dd7c3f7d62ad,6,2025-02-09T14:31:23.675588,,19.506614,-99.060091,04200
6eaf1c57-338a-48f0-a5b7-63e86966b4a4,57,2025-03-19T12:25:16.675588,,19.441473,-99.139575,
c456ad34-ae59-4960-88f3-bb5b5f6f1783,57,2024-10-31T20:52:27.675588,,19.422241,-99.132431,04200
6eaf1c57-338a-48f0-a5b7-63e86966b4a4,48,2024-12-14T20:38:02.675588,,19.432571,-99.221101,04200
c456ad34-ae59-4960-88f3-bb5b5f6f1783,44,2025-04-24T13:51:23.675588,,19.382707,-99.157931,
aaa43b55-8601-41a6-b395-f04faeeef174,19,2025-04-03T21:24:46.675588,,19.401176,-99.279115,04200
ce2bc421-50b4-46ee-97c3-dd7c3f7d62ad,6,2025-03-12T07:02:06.675588,,19.41744,-99.164985,06470
6eaf1c57-338a-48f0-a5b7-63e86966b4a4,52,2025-02-13T00:26:48.675588,2025-02-15T21:26:48.675588,19.444,-99.193569,06470
15ee040d-6e71-4459-82e6-00820161d282,19,2025-01-18T07:05:47.675588,,19.44871,-99.122095,04200
c456ad34-ae59-4960-88f3-bb5b5f6f1783,27,2025-01-14T13:50:06.675588,,19.418681,-99.080087,
15ee040d-6e71-4459-82e6-00820161d282,19,2025-04-18T12:53:03.675588,,19.45965,-99.247328,06470
15ee040d-6e71-4459-82e6-00820161d282,6,2025-02-01T12:48:34.675588,,19.459113,-99.254193,
6eaf1c57-338a-48f0-a5b7-63e86966b4a4,27,2025-01-12T20:36:03.675588,,19.307766,-99.234718,09030
777781de-b3e5-435d-b1ec-c338e2d534f2,39,2025-03-01T09:50:05.675588,,19.44749,-99.152686,01000
6d1cefac-504a-40ea-9983-cb638b3de3b3,3,2025-04-06T15:59:57.675588,2025-04-08T12:59:57.675588,19.538541,-99.086644,
aaa43b55-8601-41a6-b395-f04faeeef174,19,2025-01-04T11:37:12.675588,,19.452568,-99.196682,01000
777781de-b3e5-435d-b1ec-c338e2d534f2,48,2024-12-29T06:22:13.675588,,19.38757,-99.098025,04200
6d1cefac-504a-40ea-9983-cb638b3de3b3,1,2025-02-07T06:33:43.675588,2025-02-09T18:33:43.675588,19.483841,-99.09794,06470
777781de-b3e5-435d-b1ec-c338e2d534f2,52,2025-02-16T05:44:55.675588,,19.330346,-99.254656,09030
15ee040d-6e71-4459-82e6-00820161d282,44,2025-04-01T00:28:23.675588,2025-04-03T15:28:23.675588,19.328954,-99.122873,09030
777781de-b3e5-435d-b1ec-c338e2d534f2,6,2024-11-14T06:44:21.675588,,19.45521,-99.296439,06470
8e3b954e-dc69-4721-b2f3-01613f067ce4,52,2025-03-18T04:40:40.675588,,19.31586,-99.202039,04200
6eaf1c57-338a-48f0-a5b7-63e86966b4a4,3,2024-12-21T13:09:08.675588,,19.481003,-99.082842,06470
6d1cefac-504a-40ea-9983-cb638b3de3b3,44,2025-02-02T21:35:48.675588,2025-02-04T07:35:48.675588,19.513386,-99.117605,06470
7b30ab04-1271-42e2-8592-ad6ba56fe4c5,39,2025-04-02T05:00:32.675588,,19.3368,-99.203084,09030
777781de-b3e5-435d-b1ec-c338e2d534f2,6,2024-12-30T11:40:41.675588,,19.369809,-99.290838,
6eaf1c57-338a-48f0-a5b7-63e86966b4a4,19,2025-01-17T04:48:21.675588,,19.473959,-99.067798,04200
777781de-b3e5-435d-b1ec-c338e2d534f2,19,2025-02-23T05:39:08.675588,,19.313847,-99.284503,06470
7b30ab04-1271-42e2-8592-ad6ba56fe4c5,1,2024-12-04T12:25:52.675588,,19.412955,-99.056308,09030
6eaf1c57-338a-48f0-a5b7-63e86966b4a4,44,2025-01-30T15:36:36.675588,,19.404448,-99.10398,09030
395f67a2-b8a9-45e5-91c4-cae02e66c936,39,2024-11-22T07:02:02.675588,,19.351059,-99.204575,06470
8e3b954e-dc69-4721-b2f3-01613f067ce4,1,2025-04-02T05:20:13.675588,2025-04-02T15:20:13.675588,19.53081,-99.065084,01000
c456ad34-ae59-4960-88f3-bb5b5f6f1783,57,2025-01-16T04:59:01.675588,,19.473985,-99.050088,01000
ce2bc421-50b4-46ee-97c3-dd7c3f7d62ad,27,2024-11-18T13:40:21.675588,,19.466428,-99.081326,01000
aaa43b55-8601-41a6-b395-f04faeeef174,3,2025-03-17T05:42:03.675588,,19.497662,-99.263101,06470
395f67a2-b8a9-45e5-91c4-cae02e66c936,57,2025-02-09T20:22:29.675588,2025-02-10T01:22:29.675588,19.43689,-99.280384,09030
c456ad34-ae59-4960-88f3-bb5b5f6f1783,3,2025-01-12T03:07:34.675588,2025-01-12T18:07:34.675588,19.53734,-99.17123,06470
aaa43b55-8601-41a6-b395-f04faeeef174,44,2025-02-08T16:42:04.675588,,19.40279,-99.103627,01000
8e3b954e-dc69-4721-b2f3-01613f067ce4,44,2025-02-18T12:12:52.675588,2025-02-19T05:12:52.675588,19.457607,-99.083293,09030
777781de-b3e5-435d-b1ec-c338e2d534f2,27,2025-01-09T08:56:55.675588,2025-01-10T09:56:55.675588,19.339057,-99.076376,01000
ce2bc421-50b4-46ee-97c3-dd7c3f7d62ad,39,2024-12-24T02:03:52.675588,2024-12-24T08:03:52.675588,19.540029,-99.252092,
15ee040d-6e71-4459-82e6-00820161d282,48,2025-04-22T00:10:59.675588,,19.5191,-99.169548,04200
8e3b954e-dc69-4721-b2f3-01613f067ce4,52,2024-12-15T04:55:18.675588,,19.412151,-99.267591,09030
777781de-b3e5-435d-b1ec-c338e2d534f2,27,2024-11-25T14:28:17.675588,,19.404065,-99.104029,06470
aaa43b55-8601-41a6-b395-f04faeeef174,6,2025-04-27T18:33:11.675588,2025-04-28T16:33:11.675588,19.306697,-99.161035,04200
7b30ab04-1271-42e2-8592-ad6ba56fe4c5,27,2025-01-26T05:46:21.675588,,19.465977,-99.156641,09030
15ee040d-6e71-4459-82e6-00820161d282,52,2025-04-14T01:52:11.675588,2025-04-14T04:52:11.675588,19.370271,-99.200693,04200
6d1cefac-504a-40ea-9983-cb638b3de3b3,57,2024-11-19T13:52:32.675588,,19.321047,-99.213472,01000
c456ad34-ae59-4960-88f3-bb5b5f6f1783,57,2025-02-06T06:30:13.675588,,19.322513,-99.237323,
ce2bc421-50b4-46ee-97c3-dd7c3f7d62ad,27,2025-02-11T00:13:55.675588,,19.415773,-99.194138,06470
15ee040d-6e71-4459-82e6-00820161d282,19,2025-01-05T21:15:50.675588,,19.305255,-99.10253,06470
aaa43b55-8601-41a6-b395-f04faeeef174,3,2025-01-29T07:32:04.675588,,19.428065,-99.238443,06470
395f67a2-b8a9-45e5-91c4-cae02e66c936,27,2025-04-12T22:40:19.675588,,19.420677,-99.187247,04200
7b30ab04-1271-42e2-8592-ad6ba56fe4c5,19,2025-02-15T15:57:51.675588,,19.491592,-99.230174,01000
8e3b954e-dc69-4721-b2f3-01613f067ce4,19,2025-03-30T13:40:15.675588,2025-03-31T17:40:15.675588,19.402754,-99.243206,01000
777781de-b3e5-435d-b1ec-c338e2d534f2,44,2024-12-23T07:25:44.675588,,19.337864,-99.181596,06470
8e3b954e-dc69-4721-b2f3-01613f067ce4,52,2025-01-24T13:33:25.675588,,19.422045,-99.273009,04200
ce2bc421-50b4-46ee-97c3-dd7c3f7d62ad,6,2025-02-20T07:38:13.675588,,19.421501,-99.196432,01000
8e3b954e-dc69-4721-b2f3-01613f067ce4,19,2025-03-11T22:43:54.675588,,19.494231,-99.074791,09030
15ee040d-6e71-4459-82e6-00820161d282,27,2025-02-23T22:52:04.675588,,19.48177,-99.259263,01000
7b30ab04-1271-42e2-8592-ad6ba56fe4c5,19,2025-01-13T02:13:46.675588,2025-01-16T00:13:46.675588,19.502509,-99.088246,06470
7b30ab04-1271-42e2-8592-ad6ba56fe4c5,1,2025-03-05T21:29:17.675588,2025-03-08T05:29:17.675588,19.386709,-99.088944,
7b30ab04-1271-42e2-8592-ad6ba56fe4c5,39,2025-01-01T19:06:25.675588,,19.459814,-99.155972,
395f67a2-b8a9-45e5-91c4-cae02e66c936,6,2025-03-21T17:44:28.675588,,19.545861,-99.196346,
6eaf1c57-338a-48f0-a5b7-63e86966b4a4,6,2024-11-24T03:38:34.675588,2024-11-25T00:38:34.675588,19.442588,-99.135346,
ce2bc421-50b4-46ee-97c3-dd7c3f7d62ad,19,2024-12-07T10:14:51.675588,,19.487743,-99.157335,06470
395f67a2-b8a9-45e5-91c4-cae02e66c936,3,2025-04-19T19:31:10.675588,,19.549124,-99.2899,06470
aaa43b55-8601-41a6-b395-f04faeeef174,19,2024-12-24T02:09:30.675588,2024-12-26T14:09:30.675588,19.413843,-99.105532,
777781de-b3e5-435d-b1ec-c338e2d534f2,27,2025-04-21T11:58:30.675588,2025-04-23T14:58:30.675588,19.331404,-99.216594,06470
7b30ab04-1271-42e2-8592-ad6ba56fe4c5,57,2025-01-26T00:41:16.675588,,19.510722,-99.234945,
777781de-b3e5-435d-b1ec-c338e2d534f2,3,2024-11-08T23:04:25.675588,,19.430574,-99.276365,09030
15ee040d-6e71-4459-82e6-00820161d282,44,2025-02-27T22:31:56.675588,,19.309771,-99.164652,
6eaf1c57-338a-48f0-a5b7-63e86966b4a4,39,2025-01-07T21:58:39.675588,,19.334754,-99.0503,
6eaf1c57-338a-48f0-a5b7-63e86966b4a4,39,2024-12-10T03:03:28.675588,2024-12-12T07:03:28.675588,19.359505,-99.183524,
8e3b954e-dc69-4721-b2f3-01613f067ce4,27,2025-03-05T22:58:46.675588,2025-03-08T06:58:46.675588,19.436804,-99.113709,09030
7b30ab04-1271-42e2-8592-ad6ba56fe4c5,57,2025-02-15T06:07:09.675588,,19.545984,-99.172243,04200
c456ad34-ae59-4960-88f3-bb5b5f6f1783,3,2025-02-24T16:38:34.675588,,19.517539,-99.216312,01000
6d1cefac-504a-40ea-9983-cb638b3de3b3,44,2024-12-27T12:34:01.675588,,19.314488,-99.072772,04200
7b30ab04-1271-42e2-8592-ad6ba56fe4c5,27,2025-01-04T10:49:55.675588,2025-01-06T02:49:55.675588,19.328327,-99.079095,
7b30ab04-1271-42e2-8592-ad6ba56fe4c5,6,2024-12-10T05:31:14.675588,2024-12-12T10:31:14.675588,19.398972,-99.211374,01000
395f67a2-b8a9-45e5-91c4-cae02e66c936,27,2025-03-28T04:17:11.675588,,19.455437,-99.211515,
777781de-b3e5-435d-b1ec-c338e2d534f2,44,2024-11-13T11:37:05.675588,,19.431016,-99.147221,04200
15ee040d-6e71-4459-82e6-00820161d282,44,2025-02-16T17:59:17.675588,,19.512778,-99.227648,
ce2bc421-50b4-46ee-97c3-dd7c3f7d62ad,48,2025-01-30T07:49:44.675588,,19.350984,-99.26685,
7b30ab04-1271-42e2-8592-ad6ba56fe4c5,3,2025-02-26T22:38:39.675588,2025-03-01T06:38:39.675588,19.457607,-99.229284,04200
aaa43b55-8601-41a6-b395-f04faeeef174,52,2025-03-02T08:35:04.675588,,19.50119,-99.186322,09030
aaa43b55-8601-41a6-b395-f04faeeef174,44,2024-10-31T22:35:10.675588,,19.380569,-99.287404,04200
ce2bc421-50b4-46ee-97c3-dd7c3f7d62ad,27,2025-01-25T05:00:40.675588,,19.511114,-99.132723,06470
15ee040d-6e71-4459-82e6-00820161d282,57,2025-01-22T03:38:04.675588,2025-01-22T19:38:04.675588,19.500094,-99.152028,01000
6d1cefac-504a-40ea-9983-cb638b3de3b3,57,2024-11-21T04:34:40.675588,,19.517968,-99.23583,
6eaf1c57-338a-48f0-a5b7-63e86966b4a4,39,2025-01-08T03:02:48.675588,,19.438995,-99.243895,01000
395f67a2-b8a9-45e5-91c4-cae02e66c936,1,2024-11-24T19:44:52.675588,,19.466414,-99.247718,01000
aaa43b55-8601-41a6-b395-f04faeeef174,48,2025-01-04T16:58:58.675588,,19.461879,-99.11169,04200
395f67a2-b8a9-45e5-91c4-cae02e66c936,57,2025-04-26T16:01:24.675588,,19.510453,-99.073658,06470
15ee040d-6e71-4459-82e6-00820161d282,6,2024-11-30T01:44:39.675588,,19.358997,-99.152566,
aaa43b55-8601-41a6-b395-f04faeeef174,52,2025-03-28T18:25:01.675588,,19.516367,-99.095386,09030
15ee040d-6e71-4459-82e6-00820161d282,19,2024-12-14T04:05:02.675588,,19.445361,-99.088493,04200
777781de-b3e5-435d-b1ec-c338e2d534f2,57,2024-12-28T20:59:25.675588,2024-12-30T18:59:25.675588,19.349256,-99.233979,01000
6d1cefac-504a-40ea-9983-cb638b3de3b3,1,2024-11-23T06:00:19.675588,,19.369848,-99.163576,01000
ce2bc421-50b4-46ee-97c3-dd7c3f7d62ad,48,2025-04-20T04:51:18.675588,,19.522373,-99.099407,09030
15ee040d-6e71-4459-82e6-00820161d282,6,2025-02-22T07:26:46.675588,,19.486992,-99.148203,04200
8e3b954e-dc69-4721-b2f3-01613f067ce4,39,2025-04-21T07:17:30.675588,,19.316724,-99.121397,01000
777781de-b3e5-435d-b1ec-c338e2d534f2,6,2025-03-26T05:40:37.675588,,19.331897,-99.143247,
15ee040d-6e71-4459-82e6-00820161d282,57,2024-11-26T03:01:58.675588,,19.367417,-99.112788,04200
aaa43b55-8601-41a6-b395-f04faeeef174,48,2025-04-01T10:19:07.675588,2025-04-04T04:19:07.675588,19.436995,-99.128254,06470
c456ad34-ae59-4960-88f3-bb5b5f6f1783,19,2025-03-07T04:10:44.675588,2025-03-10T01:10:44.675588,19.481582,-99.127229,09030
6d1cefac-504a-40ea-9983-cb638b3de3b3,6,2024-12-16T09:17:40.675588,,19.338699,-99.268754,
15ee040d-6e71-4459-82e6-00820161d282,52,2025-04-03T12:56:57.675588,,19.366792,-99.10831,01000
c456ad34-ae59-4960-88f3-bb5b5f6f1783,3,2025-01-26T11:13:12.675588,2025-01-27T23:13:12.675588,19.342774,-99.111977,
8e3b954e-dc69-4721-b2f3-01613f067ce4,6,2024-12-01T13:17:03.675588,2024-12-02T13:17:03.675588,19.43563,-99.200191,09030
7b30ab04-1271-42e2-8592-ad6ba56fe4c5,57,2025-02-12T17:01:31.675588,,19.399855,-99.107599,06470
395f67a2-b8a9-45e5-91c4-cae02e66c936,57,2024-11-10T18:33:02.675588,,19.326688,-99.225971,01000
7b30ab04-1271-42e2-8592-ad6ba56fe4c5,27,2025-04-19T09:31:48.675588,,19.363218,-99.247132,04200
ce2bc421-50b4-46ee-97c3-dd7c3f7d62ad,52,2024-11-22T01:36:37.675588,,19.40157,-99.247198,04200
15ee040d-6e71-4459-82e6-00820161d282,39,2025-03-24T23:10:36.675588,,19.308671,-99.241024,06470
15ee040d-6e71-4459-82e6-00820161d282,27,2024-12-19T03:13:58.675588,2024-12-19T14:13:58.675588,19.384596,-99.050437,06470
c456ad34-ae59-4960-88f3-bb5b5f6f1783,39,2025-02-28T18:15:12.675588,,19.363994,-99.135689,
6eaf1c57-338a-48f0-a5b7-63e86966b4a4,27,2025-04-17T10:35:06.675588,,19.46036,-99.153268,04200
15ee040d-6e71-4459-82e6-00820161d282,27,2025-03-10T23:43:06.675588,2025-03-13T23:43:06.675588,19.381141,-99.258634,09030
aaa43b55-8601-41a6-b395-f04faeeef174,48,2025-01-02T09:04:52.675588,,19.492614,-99.232182,04200
6d1cefac-504a-40ea-9983-cb638b3de3b3,27,2025-01-26T17:27:45.675588,,19.447856,-99.253704,
aaa43b55-8601-41a6-b395-f04faeeef174,48,2025-02-22T01:13:13.675588,2025-02-23T06:13:13.675588,19.303275,-99.050592,
777781de-b3e5-435d-b1ec-c338e2d534f2,44,2024-11-25T16:08:50.675588,2024-11-28T03:08:50.675588,19.354682,-99.239385,06470
ce2bc421-50b4-46ee-97c3-dd7c3f7d62ad,3,2024-12-22T22:42:07.675588,2024-12-25T09:42:07.675588,19.439026,-99.24809,06470
ce2bc421-50b4-46ee-97c3-dd7c3f7d62ad,44,2025-01-08T14:35:46.675588,,19.530651,-99.234863,04200
7b30ab04-1271-42e2-8592-ad6ba56fe4c5,27,2024-12-03T07:17:07.675588,,19.41261,-99.111902,
aaa43b55-8601-41a6-b395-f04faeeef174,44,2025-01-21T10:29:46.675588,,19.465475,-99.284592,
8e3b954e-dc69-4721-b2f3-01613f067ce4,3,2025-02-16T01:30:23.675588,,19.366321,-99.174816,01000
aaa43b55-8601-41a6-b395-f04faeeef174,1,2025-03-13T09:29:12.675588,2025-03-15T13:29:12.675588,19.31815,-99.088255,09030
395f67a2-b8a9-45e5-91c4-cae02e66c936,6,2025-01-09T03:16:41.675588,,19.495915,-99.225476,06470
777781de-b3e5-435d-b1ec-c338e2d534f2,57,2025-04-11T02:49:18.675588,2025-04-13T04:49:18.675588,19.356847,-99.074277,04200
6d1cefac-504a-40ea-9983-cb638b3de3b3,27,2024-12-30T01:58:56.675588,2025-01-01T04:58:56.675588,19.535726,-99.121271,01000
777781de-b3e5-435d-b1ec-c338e2d534f2,48,2024-12-26T09:58:18.675588,2024-12-28T21:58:18.675588,19.364077,-99.275954,
395f67a2-b8a9-45e5-91c4-cae02e66c936,6,2025-03-07T07:26:07.675588,,19.460539,-99.215823,
15ee040d-6e71-4459-82e6-00820161d282,19,2025-04-26T10:42:15.675588,,19.545067,-99.207451,04200
777781de-b3e5-435d-b1ec-c338e2d534f2,48,2025-01-01T11:18:52.675588,,19.443011,-99.283722,04200
ce2bc421-50b4-46ee-97c3-dd7c3f7d62ad,27,2024-11-13T21:27:01.675588,2024-11-16T19:27:01.675588,19.492271,-99.156714,01000
c456ad34-ae59-4960-88f3-bb5b5f6f1783,52,2025-04-08T15:17:46.675588,2025-04-09T13:17:46.675588,19.305128,-99.139393,04200
ce2bc421-50b4-46ee-97c3-dd7c3f7d62ad,19,2025-01-09T09:24:41.675588,,19.428084,-99.11634,04200
6eaf1c57-338a-48f0-a5b7-63e86966b4a4,44,2024-11-22T00:21:21.675588,2024-11-24T06:21:21.675588,19.383074,-99.120188,
c456ad34-ae59-4960-88f3-bb5b5f6f1783,27,2025-03-03T21:43:57.675588,,19.363562,-99.187708,01000
6eaf1c57-338a-48f0-a5b7-63e86966b4a4,39,2024-11-04T22:24:23.675588,,19.477012,-99.231784,04200
15ee040d-6e71-4459-82e6-00820161d282,27,2025-02-01T21:27:50.675588,2025-02-02T11:27:50.675588,19.533811,-99.263907,04200
7b30ab04-1271-42e2-8592-ad6ba56fe4c5,52,2025-01-09T07:12:31.675588,,19.405043,-99.137175,
8e3b954e-dc69-4721-b2f3-01613f067ce4,52,2024-12-18T01:52:33.675588,,19.341728,-99.142667,04200
395f67a2-b8a9-45e5-91c4-cae02e66c936,6,2025-03-19T10:37:26.675588,,19.404162,-99.139177,01000
6d1cefac-504a-40ea-9983-cb638b3de3b3,1,2025-03-12T20:28:01.675588,,19.335439,-99.249984,
c456ad34-ae59-4960-88f3-bb5b5f6f1783,27,2025-02-03T23:26:56.675588,2025-02-06T02:26:56.675588,19.336019,-99.224336,09030
395f67a2-b8a9-45e5-91c4-cae02e66c936,3,2025-01-04T00:30:04.675588,2025-01-05T17:30:04.675588,19.44143,-99.153858,
15ee040d-6e71-4459-82e6-00820161d282,3,2025-02-03T09:43:53.675588,,19.547523,-99.139517,04200
ce2bc421-50b4-46ee-97c3-dd7c3f7d62ad,48,2025-01-25T00:08:46.675588,,19.510883,-99.22236,09030
c456ad34-ae59-4960-88f3-bb5b5f6f1783,1,2025-04-23T16:32:40.675588,,19.54952,-99.070681,09030
777781de-b3e5-435d-b1ec-c338e2d534f2,1,2025-04-07T08:30:18.675588,,19.47242,-99.230349,01000
6d1cefac-504a-40ea-9983-cb638b3de3b3,27,2025-02-03T19:27:09.675588,,19.326235,-99.281025,01000
ce2bc421-50b4-46ee-97c3-dd7c3f7d62ad,3,2025-04-16T06:16:09.675588,,19.483114,-99.270315,01000
ce2bc421-50b4-46ee-97c3-dd7c3f7d62ad,27,2024-12-16T10:46:27.675588,,19.35307,-99.182306,09030
7b30ab04-1271-42e2-8592-ad6ba56fe4c5,19,2025-01-24T01:02:41.675588,,19.383459,-99.110153,04200
395f67a2-b8a9-45e5-91c4-cae02e66c936,39,2024-12-21T10:51:18.675588,,19.378573,-99.059836,04200
6d1cefac-504a-40ea-9983-cb638b3de3b3,44,2024-12-31T10:20:02.675588,,19.445553,-99.244018,04200
aaa43b55-8601-41a6-b395-f04faeeef174,39,2025-02-19T15:46:34.675588,,19.480172,-99.297315,04200
8e3b954e-dc69-4721-b2f3-01613f067ce4,19,2025-02-13T13:56:35.675588,,19.395502,-99.270225,04200
6eaf1c57-338a-48f0-a5b7-63e86966b4a4,19,2025-02-22T21:24:35.675588,,19.315809,-99.18007,
395f67a2-b8a9-45e5-91c4-cae02e66c936,6,2025-01-17T11:28:05.675588,,19.517692,-99.079186,06470
777781de-b3e5-435d-b1ec-c338e2d534f2,39,2025-04-03T19:56:59.675588,,19.532847,-99.162456,01000
395f67a2-b8a9-45e5-91c4-cae02e66c936,52,2025-04-19T00:41:39.675588,,19.310141,-99.277885,
6eaf1c57-338a-48f0-a5b7-63e86966b4a4,19,2024-12-24T21:16:41.675588,2024-12-25T05:16:41.675588,19.330544,-99.214032,04200
aaa43b55-8601-41a6-b395-f04faeeef174,39,2025-02-14T14:11:07.675588,2025-02-17T10:11:07.675588,19.502986,-99.117914,01000
395f67a2-b8a9-45e5-91c4-cae02e66c936,44,2024-11-29T05:59:15.675588,,19.424677,-99.132145,09030
7b30ab04-1271-42e2-8592-ad6ba56fe4c5,52,2025-01-08T11:13:00.675588,,19.337375,-99.193985,09030
7b30ab04-1271-42e2-8592-ad6ba56fe4c5,19,2024-11-05T00:22:08.675588,,19.454829,-99.08589,09030
6d1cefac-504a-40ea-9983-cb638b3de3b3,48,2025-04-06T02:26:37.675588,,19.428393,-99.104423,06470
777781de-b3e5-435d-b1ec-c338e2d534f2,39,2024-11-08T11:54:44.675588,,19.462211,-99.196269,09030
777781de-b3e5-435d-b1ec-c338e2d534f2,39,2024-12-11T09:22:03.675588,,19.342127,-99.066163,04200
395f67a2-b8a9-45e5-91c4-cae02e66c936,52,2025-03-10T23:57:22.675588,,19.510849,-99.109072,06470
395f67a2-b8a9-45e5-91c4-cae02e66c936,44,2024-12-08T20:05:59.675588,,19.385569,-99.177401,04200
aaa43b55-8601-41a6-b395-f04faeeef174,1,2025-03-20T10:09:25.675588,,19.333309,-99.246914,09030
777781de-b3e5-435d-b1ec-c338e2d534f2,3,2025-03-22T18:48:18.675588,,19.42882,-99.170983,09030
15ee040d-6e71-4459-82e6-00820161d282,39,2025-02-11T10:40:29.675588,,19.522486,-99.298441,
6d1cefac-504a-40ea-9983-cb638b3de3b3,1,2025-04-22T04:14:37.675588,2025-04-25T00:14:37.675588,19.541928,-99.18139,06470
777781de-b3e5-435d-b1ec-c338e2d534f2,27,2024-12-19T08:33:28.675588,,19.360084,-99.180459,01000
777781de-b3e5-435d-b1ec-c338e2d534f2,48,2024-11-16T01:21:15.675588,2024-11-17T13:21:15.675588,19.308396,-99.263053,01000
8e3b954e-dc69-4721-b2f3-01613f067ce4,44,2025-02-09T13:19:17.675588,,19.428262,-99.221039,09030
ce2bc421-50b4-46ee-97c3-dd7c3f7d62ad,6,2025-04-13T18:50:09.675588,2025-04-14T14:50:09.675588,19.402492,-99.293538,04200
395f67a2-b8a9-45e5-91c4-cae02e66c936,19,2024-11-27T01:00:52.675588,,19.359384,-99.109734,01000
777781de-b3e5-435d-b1ec-c338e2d534f2,19,2025-02-07T02:02:16.675588,2025-02-09T00:02:16.675588,19.474242,-99.237302,04200
ce2bc421-50b4-46ee-97c3-dd7c3f7d62ad,44,2025-03-14T23:22:17.675588,,19.510015,-99.140828,06470
777781de-b3e5-435d-b1ec-c338e2d534f2,19,2024-11-21T01:43:22.675588,2024-11-22T08:43:22.675588,19.36597,-99.169771,01000
8e3b954e-dc69-4721-b2f3-01613f067ce4,52,2025-01-07T09:12:06.675588,,19.497396,-99.196746,06470
ce2bc421-50b4-46ee-97c3-dd7c3f7d62ad,57,2024-12-20T13:39:21.675588,,19.310229,-99.205489,09030
395f67a2-b8a9-45e5-91c4-cae02e66c936,39,2025-02-23T23:21:33.675588,2025-02-26T20:21:33.675588,19.511891,-99.168756,06470
ce2bc421-50b4-46ee-97c3-dd7c3f7d62ad,27,2024-12-18T14:59:08.675588,2024-12-18T18:59:08.675588,19.423679,-99.298465,04200
8e3b954e-dc69-4721-b2f3-01613f067ce4,57,2024-12-03T19:46:29.675588,,19.358839,-99.233604,01000
395f67a2-b8a9-45e5-91c4-cae02e66c936,57,2024-12-19T22:38:19.675588,2024-12-21T08:38:19.675588,19.36563,-99.292676,09030
7b30ab04-1271-42e2-8592-ad6ba56fe4c5,1,2024-11-05T00:32:07.675588,,19.433082,-99.227622,
c456ad34-ae59-4960-88f3-bb5b5f6f1783,1,2024-10-31T03:49:31.675588,,19.425491,-99.267686,
777781de-b3e5-435d-b1ec-c338e2d534f2,1,2024-11-24T10:45:57.675588,,19.350379,-99.174404,04200
c456ad34-ae59-4960-88f3-bb5b5f6f1783,48,2025-03-03T22:09:17.675588,2025-03-04T02:09:17.675588,19.463273,-99.072715,06470
c456ad34-ae59-4960-88f3-bb5b5f6f1783,27,2025-01-27T08:52:32.675588,,19.498882,-99.105047,09030
15ee040d-6e71-4459-82e6-00820161d282,19,2025-01-12T20:04:37.675588,,19.507043,-99.106681,06470
8e3b954e-dc69-4721-b2f3-01613f067ce4,52,2025-02-17T22:54:08.675588,,19.329855,-99.078852,09030
7b30ab04-1271-42e2-8592-ad6ba56fe4c5,6,2025-03-29T11:55:41.675588,2025-03-30T17:55:41.675588,19.383201,-99.166474,09030
777781de-b3e5-435d-b1ec-c338e2d534f2,3,2025-03-04T09:36:23.675588,2025-03-06T21:36:23.675588,19.390546,-99.269593,
395f67a2-b8a9-45e5-91c4-cae02e66c936,57,2025-01-30T01:47:08.675588,,19.39053,-99.217564,09030
15ee040d-6e71-4459-82e6-00820161d282,19,2025-04-26T13:17:04.675588,2025-04-27T12:17:04.675588,19.373872,-99.106967,01000
395f67a2-b8a9-45e5-91c4-cae02e66c936,3,2024-10-31T01:59:50.675588,,19.401041,-99.235707,04200
7b30ab04-1271-42e2-8592-ad6ba56fe4c5,52,2024-12-08T16:52:59.675588,,19.39122,-99.295293,06470
aaa43b55-8601-41a6-b395-f04faeeef174,44,2025-03-17T03:48:49.675588,2025-03-18T05:48:49.675588,19.459369,-99.169555,
6d1cefac-504a-40ea-9983-cb638b3de3b3,48,2025-04-06T21:55:22.675588,2025-04-08T18:55:22.675588,19.412251,-99.214687,01000
c456ad34-ae59-4960-88f3-bb5b5f6f1783,19,2025-02-19T03:56:52.675588,,19.334461,-99.201642,01000
6eaf1c57-338a-48f0-a5b7-63e86966b4a4,39,2024-12-28T08:14:39.675588,,19.322879,-99.129276,01000
c456ad34-ae59-4960-88f3-bb5b5f6f1783,39,2025-01-14T09:37:22.675588,,19.500749,-99.148299,01000
aaa43b55-8601-41a6-b395-f04faeeef174,44,2024-11-05T17:32:52.675588,,19.540018,-99.050161,06470
c456ad34-ae59-4960-88f3-bb5b5f6f1783,1,2025-04-13T22:23:53.675588,,19.50776,-99.163107,01000
8e3b954e-dc69-4721-b2f3-01613f067ce4,3,2025-02-25T03:51:23.675588,,19.42732,-99.057454,09030
ce2bc421-50b4-46ee-97c3-dd7c3f7d62ad,27,2025-02-04T20:54:46.675588,,19.331057,-99.230105,09030
c456ad34-ae59-4960-88f3-bb5b5f6f1783,52,2024-12-04T23:03:47.675588,2024-12-07T05:03:47.675588,19.363258,-99.224851,04200
15ee040d-6e71-4459-82e6-00820161d282,48,2025-02-18T03:56:02.675588,,19.472805,-99.225286,
7b30ab04-1271-42e2-8592-ad6ba56fe4c5,6,2024-12-02T15:44:06.675588,,19.549305,-99.119354,06470
7b30ab04-1271-42e2-8592-ad6ba56fe4c5,52,2024-11-18T19:58:35.675588,2024-11-19T03:58:35.675588,19.489435,-99.140663,
7b30ab04-1271-42e2-8592-ad6ba56fe4c5,6,2025-03-14T02:37:56.675588,,19.43648,-99.246918,09030
ce2bc421-50b4-46ee-97c3-dd7c3f7d62ad,39,2025-04-19T17:26:11.675588,2025-04-21T12:26:11.675588,19.491403,-99.108833,04200
6d1cefac-504a-40ea-9983-cb638b3de3b3,27,2025-02-17T19:29:13.675588,,19.420756,-99.110612,01000
8e3b954e-dc69-4721-b2f3-01613f067ce4,27,2025-01-19T23:36:57.675588,2025-01-21T09:36:57.675588,19.460017,-99.158992,06470
6d1cefac-504a-40ea-9983-cb638b3de3b3,6,2025-01-19T22:10:25.675588,,19.300975,-99.189269,06470
6d1cefac-504a-40ea-9983-cb638b3de3b3,48,2025-01-17T00:45:24.675588,,19.420929,-99.180364,01000
8e3b954e-dc69-4721-b2f3-01613f067ce4,27,2024-12-19T21:32:57.675588,,19.530266,-99.059475,01000
